timestamp,temperatura,precipitacao,radiacao,umidade,velocidade_vento,estacao
2024-01-01T00:00:00,21.28,0.00,2086.30,80.00,8.80,A701
2024-01-02T00:00:00,22.76,0.20,3437.00,80.00,10.60,A701
2024-01-03T00:00:00,23.13,9.40,3438.20,91.00,11.50,A701
2024-01-04T00:00:00,21.58,0.80,1772.50,91.00,9.40,A701
2024-01-05T00:00:00,22.28,4.60,3625.70,92.00,9.80,A701
2024-01-06T00:00:00,23.07,0.00,3250.90,83.00,7.70,A701
2024-01-07T00:00:00,24.82,0.00,3618.50,82.00,8.60,A701
2024-01-08T00:00:00,25.70,9.40,3552.00,87.00,13.30,A701
2024-01-09T00:00:00,24.84,19.00,3829.40,85.00,15.70,A701
2024-01-10T00:00:00,26.31,0.00,3750.30,84.00,8.50,A701
2024-01-11T00:00:00,24.95,48.80,3694.30,97.00,14.00,A701
2024-01-12T00:00:00,24.22,13.80,2858.80,97.00,10.50,A701
2024-01-13T00:00:00,21.18,8.40,1398.10,99.00,8.40,A701
2024-01-14T00:00:00,23.59,0.00,3537.90,86.00,7.60,A701
2024-01-15T00:00:00,25.98,0.00,3620.80,85.00,9.40,A701
2024-01-16T00:00:00,27.66,0.00,3910.10,75.00,10.80,A701
2024-01-17T00:00:00,27.53,8.60,3064.80,89.00,9.40,A701
2024-01-18T00:00:00,26.32,0.20,3735.70,87.00,8.50,A701
2024-01-19T00:00:00,25.21,1.40,3306.90,85.00,11.70,A701
2024-01-20T00:00:00,23.81,18.60,2212.70,92.00,12.50,A701
2024-01-21T00:00:00,21.78,6.80,3090.90,91.00,8.10,A701
2024-01-22T00:00:00,21.32,2.20,2275.90,92.00,9.20,A701
2024-01-23T00:00:00,18.69,7.20,1145.80,92.00,10.10,A701
2024-01-24T00:00:00,19.26,0.00,2496.70,90.00,13.00,A701
2024-01-25T00:00:00,18.42,0.60,1386.10,90.00,10.00,A701
2024-01-26T00:00:00,18.91,0.20,2110.60,91.00,8.80,A701
2024-01-27T00:00:00,20.75,1.40,3568.90,91.00,7.00,A701
2024-01-28T00:00:00,20.80,11.20,2142.80,92.00,11.50,A701
2024-01-29T00:00:00,22.65,0.00,3593.90,92.00,10.60,A701
2024-01-30T00:00:00,25.29,0.00,3552.00,83.00,8.90,A701
2024-01-31T00:00:00,23.38,6.80,2143.90,87.00,12.90,A701
2024-02-01T00:00:00,21.23,13.80,2503.90,91.00,9.60,A701
2024-02-02T00:00:00,20.72,12.80,2186.70,89.00,11.50,A701
2024-02-03T00:00:00,22.15,0.00,2196.50,89.00,6.40,A701
2024-02-04T00:00:00,22.80,5.80,2879.10,84.00,15.80,A701
2024-02-05T00:00:00,23.69,0.00,3736.30,89.00,8.10,A701
2024-02-06T00:00:00,24.56,0.00,2934.00,77.00,8.00,A701
2024-02-07T00:00:00,24.33,0.00,3136.60,86.00,9.50,A701
2024-02-08T00:00:00,24.94,0.00,3199.30,85.00,8.60,A701
2024-02-09T00:00:00,25.02,0.00,3954.00,86.00,9.60,A701
2024-02-10T00:00:00,25.52,0.00,3519.40,84.00,8.90,A701
2024-02-11T00:00:00,25.66,0.00,3789.50,81.00,7.10,A701
2024-02-12T00:00:00,26.43,0.00,3740.60,75.00,10.90,A701
2024-02-13T00:00:00,27.32,0.00,3585.40,74.00,12.10,A701
2024-02-14T00:00:00,22.69,30.40,1917.30,100.00,13.70,A701
2024-02-15T00:00:00,20.62,2.60,1172.30,93.00,11.40,A701
2024-02-16T00:00:00,21.15,0.20,2541.10,90.00,7.40,A701
2024-02-17T00:00:00,22.06,0.00,2719.50,84.00,9.90,A701
2024-02-18T00:00:00,21.63,17.60,3623.00,93.00,17.70,A701
2024-02-19T00:00:00,22.38,0.20,3233.10,93.00,9.30,A701
2024-02-20T00:00:00,22.11,2.20,2973.70,89.00,9.00,A701
2024-02-21T00:00:00,21.85,5.80,3342.70,91.00,9.70,A701
2024-02-22T00:00:00,23.57,3.40,3849.70,93.00,8.20,A701
2024-02-23T00:00:00,25.28,2.20,3840.90,87.00,13.50,A701
2024-02-24T00:00:00,23.92,6.60,2269.90,89.00,10.70,A701
2024-02-25T00:00:00,24.51,0.00,3006.80,91.00,9.60,A701
2024-02-26T00:00:00,24.30,0.00,2473.60,87.00,8.10,A701
2024-02-27T00:00:00,26.20,0.00,3457.30,86.00,10.50,A701
2024-02-28T00:00:00,26.05,12.60,2700.70,91.00,13.90,A701
2024-02-29T00:00:00,25.88,0.00,3622.90,89.00,7.50,A701
2024-03-01T00:00:00,24.85,0.60,3285.20,82.00,15.10,A701
2024-03-02T00:00:00,23.33,0.00,3256.10,82.00,8.30,A701
2024-03-03T00:00:00,24.17,0.00,3324.00,85.00,7.90,A701
2024-03-04T00:00:00,25.17,0.00,3609.10,86.00,7.10,A701
2024-03-05T00:00:00,24.49,37.20,2731.80,99.00,9.70,A701
2024-03-06T00:00:00,23.34,3.40,2505.10,93.00,7.50,A701
2024-03-07T00:00:00,23.47,0.00,3564.40,87.00,8.10,A701
2024-03-08T00:00:00,23.95,19.40,2855.20,93.00,10.40,A701
2024-03-09T00:00:00,24.80,3.60,3297.90,93.00,10.10,A701
2024-03-10T00:00:00,23.88,11.40,2697.00,90.00,8.60,A701
2024-03-11T00:00:00,23.20,0.20,3632.40,90.00,8.00,A701
2024-03-12T00:00:00,22.00,0.00,3620.20,85.00,7.10,A701
2024-03-13T00:00:00,24.22,0.00,3478.00,83.00,8.70,A701
2024-03-14T00:00:00,26.07,0.00,2934.80,90.00,8.10,A701
2024-03-15T00:00:00,27.92,0.00,3220.80,82.00,8.90,A701
2024-03-16T00:00:00,28.43,0.00,3201.60,77.00,9.00,A701
2024-03-17T00:00:00,28.72,0.00,3000.30,72.00,10.70,A701
2024-03-18T00:00:00,25.07,48.20,2680.00,99.00,11.80,A701
2024-03-19T00:00:00,24.60,18.00,3059.50,91.00,19.80,A701
2024-03-20T00:00:00,25.90,0.20,3732.80,91.00,7.30,A701
2024-03-21T00:00:00,27.09,0.00,3186.00,83.00,14.00,A701
2024-03-22T00:00:00,21.10,3.00,1033.30,92.00,11.50,A701
2024-03-23T00:00:00,17.65,3.20,752.10,92.00,9.60,A701
2024-03-24T00:00:00,18.90,4.40,1322.60,98.00,7.10,A701
2024-03-25T00:00:00,21.92,0.00,3249.60,90.00,7.10,A701
2024-03-26T00:00:00,20.86,0.00,2413.50,90.00,7.40,A701
2024-03-27T00:00:00,19.75,0.20,651.90,86.00,6.60,A701
2024-03-28T00:00:00,19.08,3.20,987.40,93.00,4.70,A701
2024-03-29T00:00:00,21.80,0.00,2064.20,92.00,6.10,A701
2024-03-30T00:00:00,23.08,0.00,3271.80,86.00,8.60,A701
2024-03-31T00:00:00,22.98,0.20,3334.60,90.00,7.60,A701
2024-04-01T00:00:00,22.31,0.00,3296.30,84.00,7.40,A701
2024-04-02T00:00:00,23.31,0.40,3179.60,89.00,6.70,A701
2024-04-03T00:00:00,23.98,0.00,3210.70,86.00,7.60,A701
2024-04-04T00:00:00,24.18,0.00,3208.30,88.00,7.10,A701
2024-04-05T00:00:00,21.65,0.00,2418.60,88.00,5.50,A701
2024-04-06T00:00:00,22.68,0.00,2427.90,82.00,7.80,A701
2024-04-07T00:00:00,22.15,0.00,2808.30,89.00,7.80,A701
2024-04-08T00:00:00,22.02,1.40,1930.00,89.00,7.80,A701
2024-04-09T00:00:00,22.60,1.60,2267.10,92.00,7.60,A701
2024-04-10T00:00:00,23.22,0.00,2789.20,89.00,7.50,A701
2024-04-11T00:00:00,22.08,0.00,2967.90,89.00,8.10,A701
2024-04-12T00:00:00,22.76,0.00,2811.70,85.00,8.90,A701
2024-04-13T00:00:00,23.40,0.00,3073.90,83.00,7.70,A701
2024-04-14T00:00:00,22.90,0.00,1562.90,86.00,6.60,A701
2024-04-15T00:00:00,23.52,0.20,3092.10,86.00,6.60,A701
2024-04-16T00:00:00,25.18,0.00,3026.10,85.00,7.40,A701
2024-04-17T00:00:00,24.25,3.20,2901.10,90.00,10.50,A701
2024-04-18T00:00:00,18.65,0.40,560.40,91.00,9.50,A701
2024-04-19T00:00:00,18.23,0.00,2925.20,85.00,8.00,A701
2024-04-20T00:00:00,19.81,0.00,3032.30,84.00,8.60,A701
2024-04-21T00:00:00,20.79,0.20,3068.30,89.00,7.40,A701
2024-04-22T00:00:00,22.48,0.00,3062.40,89.00,8.70,A701
2024-04-23T00:00:00,23.67,0.00,2965.00,77.00,7.30,A701
2024-04-24T00:00:00,24.28,0.00,2888.70,70.00,8.50,A701
2024-04-25T00:00:00,22.82,0.00,2732.70,85.00,6.90,A701
2024-04-26T00:00:00,23.03,0.00,2887.00,86.00,7.40,A701
2024-04-27T00:00:00,24.53,0.00,2856.60,89.00,8.00,A701
2024-04-28T00:00:00,25.80,0.00,2791.80,75.00,9.60,A701
2024-04-29T00:00:00,25.00,0.00,2730.40,83.00,6.10,A701
2024-04-30T00:00:00,25.69,0.00,2869.80,85.00,6.90,A701
2024-05-01T00:00:00,25.55,0.00,2549.40,73.00,8.90,A701
2024-05-02T00:00:00,25.65,0.00,2780.70,67.00,12.30,A701
2024-05-03T00:00:00,25.28,0.00,2549.90,84.00,6.90,A701
2024-05-04T00:00:00,24.84,0.00,2773.10,84.00,8.00,A701
2024-05-05T00:00:00,25.27,0.00,2810.90,76.00,6.40,A701
2024-05-06T00:00:00,24.29,0.00,2800.50,78.00,5.90,A701
2024-05-07T00:00:00,25.28,0.00,2728.00,76.00,5.50,A701
2024-05-08T00:00:00,25.04,0.00,2720.10,75.00,10.30,A701
2024-05-09T00:00:00,24.43,0.00,2335.70,75.00,8.80,A701
2024-05-10T00:00:00,23.81,0.00,2615.70,81.00,6.60,A701
2024-05-11T00:00:00,24.04,0.00,2678.80,82.00,10.10,A701
2024-05-12T00:00:00,24.78,0.00,2763.40,66.00,12.00,A701
2024-05-13T00:00:00,25.47,0.00,2619.30,49.00,14.50,A701
2024-05-14T00:00:00,20.44,1.20,727.20,89.00,5.60,A701
2024-05-15T00:00:00,17.71,0.00,403.80,83.00,5.30,A701
2024-05-16T00:00:00,21.33,0.00,2428.40,87.00,10.30,A701
2024-05-17T00:00:00,25.71,0.00,2610.80,62.00,10.00,A701
2024-05-18T00:00:00,23.93,0.00,2540.00,79.00,9.30,A701
2024-05-19T00:00:00,21.71,0.00,2081.20,81.00,5.40,A701
2024-05-20T00:00:00,21.29,0.20,2219.00,85.00,8.60,A701
2024-05-21T00:00:00,19.82,0.00,2121.00,83.00,6.20,A701
2024-05-22T00:00:00,21.69,0.00,2485.50,91.00,5.20,A701
2024-05-23T00:00:00,22.59,0.00,2584.70,83.00,9.60,A701
2024-05-24T00:00:00,21.45,2.00,1888.90,85.00,13.20,A701
2024-05-25T00:00:00,17.23,0.00,995.30,87.00,8.30,A701
2024-05-26T00:00:00,14.97,7.80,544.20,92.00,6.70,A701
2024-05-27T00:00:00,16.37,8.60,856.70,100.00,7.80,A701
2024-05-28T00:00:00,18.27,0.00,979.10,100.00,13.50,A701
2024-05-29T00:00:00,14.71,0.00,2627.40,79.00,9.00,A701
2024-05-30T00:00:00,14.02,0.00,2488.40,87.00,6.40,A701
2024-05-31T00:00:00,15.07,0.00,2592.50,88.00,8.30,A701
2024-06-01T00:00:00,17.60,0.00,2585.20,82.00,10.30,A701
2024-06-02T00:00:00,17.66,0.20,1944.40,91.00,3.70,A701
2024-06-03T00:00:00,19.05,0.00,2281.20,87.00,6.00,A701
2024-06-04T00:00:00,17.38,0.00,1146.20,89.00,7.80,A701
2024-06-05T00:00:00,18.42,0.00,2480.10,86.00,6.00,A701
2024-06-06T00:00:00,18.32,0.00,2427.20,95.00,4.20,A701
2024-06-07T00:00:00,19.28,0.20,2463.20,89.00,5.10,A701
2024-06-08T00:00:00,20.24,0.00,2459.60,84.00,4.90,A701
2024-06-09T00:00:00,20.52,0.00,2477.30,86.00,6.80,A701
2024-06-10T00:00:00,22.36,0.00,2482.20,61.00,9.40,A701
2024-06-11T00:00:00,20.62,0.00,2386.50,84.00,6.10,A701
2024-06-12T00:00:00,20.69,0.00,2478.80,82.00,6.20,A701
2024-06-13T00:00:00,20.12,0.00,2494.60,84.00,10.80,A701
2024-06-14T00:00:00,21.92,0.00,2420.50,57.00,10.60,A701
2024-06-15T00:00:00,21.50,0.00,2438.70,76.00,9.50,A701
2024-06-16T00:00:00,21.65,0.00,2396.90,81.00,6.30,A701
2024-06-17T00:00:00,22.32,0.00,2430.80,56.00,11.10,A701
2024-06-18T00:00:00,21.38,0.00,2446.30,58.00,9.50,A701
2024-06-19T00:00:00,20.99,0.00,2469.60,61.00,9.70,A701
2024-06-20T00:00:00,20.38,0.00,2480.40,69.00,7.40,A701
2024-06-21T00:00:00,19.33,0.00,2411.00,77.00,5.00,A701
2024-06-22T00:00:00,20.33,0.00,2384.80,77.00,9.20,A701
2024-06-23T00:00:00,21.76,0.00,2422.70,71.00,9.70,A701
2024-06-24T00:00:00,22.60,0.00,2336.10,75.00,11.30,A701
2024-06-25T00:00:00,18.75,0.20,400.70,89.00,5.90,A701
2024-06-26T00:00:00,21.17,0.00,2307.00,87.00,13.90,A701
2024-06-27T00:00:00,21.16,0.00,1677.90,83.00,9.90,A701
2024-06-28T00:00:00,20.36,0.00,1961.40,85.00,11.20,A701
2024-06-29T00:00:00,20.27,0.00,1979.00,84.00,7.50,A701
2024-06-30T00:00:00,13.95,0.00,206.50,86.00,5.90,A701
2024-07-01T00:00:00,13.75,0.00,742.70,89.00,7.00,A701
2024-07-02T00:00:00,16.54,0.20,2484.40,92.00,6.50,A701
2024-07-03T00:00:00,18.44,0.00,2412.50,98.00,8.70,A701
2024-07-04T00:00:00,20.25,0.00,1569.60,74.00,4.10,A701
2024-07-05T00:00:00,20.80,0.00,2524.40,79.00,5.40,A701
2024-07-06T00:00:00,18.15,0.00,2156.90,81.00,6.10,A701
2024-07-07T00:00:00,18.45,0.00,2343.80,90.00,10.00,A701
2024-07-08T00:00:00,15.18,2.60,989.40,91.00,7.30,A701
2024-07-09T00:00:00,13.49,4.80,352.40,98.00,5.10,A701
2024-07-10T00:00:00,16.96,5.00,1516.30,100.00,7.00,A701
2024-07-11T00:00:00,19.21,0.00,1962.10,94.00,3.90,A701
2024-07-12T00:00:00,17.14,0.00,1935.90,90.00,8.30,A701
2024-07-13T00:00:00,14.89,0.00,979.50,88.00,9.10,A701
2024-07-14T00:00:00,17.78,0.00,2491.30,90.00,9.80,A701
2024-07-15T00:00:00,16.18,0.00,2194.20,89.00,7.20,A701
2024-07-16T00:00:00,16.34,0.00,2524.00,90.00,7.50,A701
2024-07-17T00:00:00,18.23,0.00,2358.20,87.00,5.30,A701
2024-07-18T00:00:00,18.40,0.00,2497.30,84.00,7.60,A701
2024-07-19T00:00:00,16.46,0.00,2556.60,83.00,4.80,A701
2024-07-20T00:00:00,15.99,0.00,2649.50,95.00,4.90,A701
2024-07-21T00:00:00,17.02,0.00,2597.00,84.00,8.10,A701
2024-07-22T00:00:00,18.70,0.20,2626.90,87.00,8.70,A701
2024-07-23T00:00:00,18.37,0.00,2704.80,78.00,6.10,A701
2024-07-24T00:00:00,18.65,0.00,2644.50,66.00,8.60,A701
2024-07-25T00:00:00,18.90,0.00,2590.20,79.00,7.50,A701
2024-07-26T00:00:00,19.70,0.00,2529.60,72.00,6.40,A701
2024-07-27T00:00:00,19.83,0.00,2391.30,70.00,5.80,A701
2024-07-28T00:00:00,20.81,0.00,2524.00,75.00,10.60,A701
2024-07-29T00:00:00,19.59,0.00,2450.80,71.00,9.40,A701
2024-07-30T00:00:00,14.53,1.40,381.90,91.00,9.00,A701
2024-07-31T00:00:00,16.85,0.00,2654.50,85.00,10.50,A701
2024-08-01T00:00:00,18.39,0.00,2728.50,87.00,8.50,A701
2024-08-02T00:00:00,18.90,0.00,2705.70,87.00,7.20,A701
2024-08-03T00:00:00,20.73,0.00,2720.20,75.00,6.60,A701
2024-08-04T00:00:00,22.05,0.00,2632.80,75.00,9.40,A701
2024-08-05T00:00:00,22.94,0.00,2894.30,80.00,7.90,A701
2024-08-06T00:00:00,22.62,0.00,2676.90,70.00,5.70,A701
2024-08-07T00:00:00,22.92,0.00,2762.60,70.00,11.80,A701
2024-08-08T00:00:00,24.04,0.00,2656.10,49.00,9.90,A701
2024-08-09T00:00:00,19.39,1.00,285.70,86.00,8.80,A701
2024-08-10T00:00:00,11.67,7.40,942.10,92.00,7.60,A701
2024-08-11T00:00:00,12.68,0.00,2899.30,92.00,7.20,A701
2024-08-12T00:00:00,14.80,0.00,2934.10,57.00,11.90,A701
2024-08-13T00:00:00,11.00,0.00,2419.80,77.00,7.90,A701
2024-08-14T00:00:00,13.97,0.00,2747.60,84.00,9.60,A701
2024-08-15T00:00:00,18.61,0.20,2832.50,88.00,7.50,A701
2024-08-16T00:00:00,21.94,0.00,2780.10,74.00,5.90,A701
2024-08-17T00:00:00,23.14,0.00,2707.30,76.00,4.10,A701
2024-08-18T00:00:00,23.36,0.00,2836.10,66.00,4.80,A701
2024-08-19T00:00:00,23.80,0.00,2854.20,58.00,6.20,A701
2024-08-20T00:00:00,23.60,0.00,2694.10,80.00,8.40,A701
2024-08-21T00:00:00,20.49,0.00,2846.90,83.00,6.60,A701
2024-08-22T00:00:00,23.25,0.00,2842.50,77.00,9.00,A701
2024-08-23T00:00:00,24.35,0.00,2883.30,78.00,15.00,A701
2024-08-24T00:00:00,17.76,6.40,2293.70,90.00,11.20,A701
2024-08-25T00:00:00,12.45,1.40,347.20,89.00,9.00,A701
2024-08-26T00:00:00,11.42,0.20,3342.00,89.00,7.20,A701
2024-08-27T00:00:00,11.44,0.00,3244.80,84.00,8.40,A701
2024-08-28T00:00:00,13.78,0.00,3060.20,82.00,9.10,A701
2024-08-29T00:00:00,18.29,0.00,2960.40,88.00,5.70,A701
2024-08-30T00:00:00,21.87,0.00,3132.10,79.00,6.10,A701
2024-08-31T00:00:00,21.66,0.00,3053.80,72.00,6.50,A701
2024-09-01T00:00:00,22.67,0.00,3058.30,68.00,9.70,A701
2024-09-02T00:00:00,22.55,0.00,2468.30,80.00,6.30,A701
2024-09-03T00:00:00,21.65,0.00,2682.60,88.00,7.30,A701
2024-09-04T00:00:00,24.74,0.00,3011.90,81.00,9.10,A701
2024-09-05T00:00:00,21.82,0.00,2658.70,76.00,8.60,A701
2024-09-06T00:00:00,17.82,0.00,1930.30,83.00,9.20,A701
2024-09-07T00:00:00,22.66,0.00,2620.20,91.00,5.50,A701
2024-09-08T00:00:00,26.17,0.00,2569.50,77.00,5.30,A701
2024-09-09T00:00:00,26.01,0.00,2706.50,68.00,6.90,A701
2024-09-10T00:00:00,25.44,0.00,2895.30,50.00,9.10,A701
2024-09-11T00:00:00,26.41,0.00,3112.40,51.00,7.00,A701
2024-09-12T00:00:00,26.41,0.00,3183.20,52.00,10.00,A701
2024-09-13T00:00:00,26.39,0.00,2782.90,48.00,7.80,A701
2024-09-14T00:00:00,25.07,0.00,2819.70,58.00,7.60,A701
2024-09-15T00:00:00,19.37,0.00,1274.50,86.00,8.80,A701
2024-09-16T00:00:00,16.35,3.40,419.10,91.00,7.50,A701
2024-09-17T00:00:00,15.30,0.40,1523.60,92.00,8.80,A701
2024-09-18T00:00:00,16.86,0.00,1764.50,84.00,11.00,A701
2024-09-19T00:00:00,18.65,0.20,2035.40,88.00,9.60,A701
2024-09-20T00:00:00,22.91,0.20,3177.00,91.00,11.60,A701
2024-09-21T00:00:00,22.10,0.60,1907.00,83.00,13.10,A701
2024-09-22T00:00:00,23.80,0.00,3089.40,87.00,7.60,A701
2024-09-23T00:00:00,25.19,0.00,3292.30,75.00,9.60,A701
2024-09-24T00:00:00,25.29,0.00,3299.70,71.00,6.60,A701
2024-09-25T00:00:00,26.88,0.00,3357.00,73.00,7.30,A701
2024-09-26T00:00:00,28.38,0.00,3221.80,58.00,8.40,A701
2024-09-27T00:00:00,22.22,1.00,2637.00,81.00,10.50,A701
2024-09-28T00:00:00,18.07,0.00,3362.00,76.00,10.00,A701
2024-09-29T00:00:00,20.33,0.00,3481.40,80.00,8.60,A701
2024-09-30T00:00:00,23.01,0.00,3443.20,80.00,8.30,A701
2024-10-01T00:00:00,26.32,0.00,3080.00,73.00,9.30,A701
2024-10-02T00:00:00,26.80,0.00,3219.10,71.00,11.00,A701
2024-10-03T00:00:00,19.40,2.20,958.40,88.00,10.70,A701
2024-10-04T00:00:00,16.52,0.40,754.50,89.00,8.30,A701
2024-10-05T00:00:00,18.14,0.00,3858.80,86.00,9.30,A701
2024-10-06T00:00:00,19.60,0.00,3569.80,80.00,7.90,A701
2024-10-07T00:00:00,19.57,0.00,3466.90,78.00,9.30,A701
2024-10-08T00:00:00,20.92,0.00,3244.80,81.00,9.50,A701
2024-10-09T00:00:00,18.80,0.00,1752.10,87.00,9.60,A701
2024-10-10T00:00:00,20.49,0.20,2624.90,87.00,8.80,A701
2024-10-11T00:00:00,21.78,16.00,1881.80,97.00,20.70,A701
2024-10-12T00:00:00,21.74,1.20,3223.50,92.00,10.10,A701
2024-10-13T00:00:00,19.49,0.20,3472.00,87.00,10.40,A701
2024-10-14T00:00:00,19.55,0.00,3789.50,81.00,9.00,A701
2024-10-15T00:00:00,20.62,0.00,3423.80,81.00,8.70,A701
2024-10-16T00:00:00,22.50,0.00,3430.90,88.00,10.30,A701
2024-10-17T00:00:00,22.76,0.00,3609.70,79.00,8.90,A701
2024-10-18T00:00:00,20.59,0.00,3385.80,82.00,8.30,A701
2024-10-19T00:00:00,17.44,1.40,227.40,91.00,9.20,A701
2024-10-20T00:00:00,16.30,2.20,780.80,92.00,6.60,A701
2024-10-21T00:00:00,20.25,0.00,1742.30,91.00,7.90,A701
2024-10-22T00:00:00,24.40,0.00,2910.40,89.00,7.90,A701
2024-10-23T00:00:00,23.30,26.00,2388.70,92.00,8.70,A701
2024-10-24T00:00:00,23.17,9.20,3083.40,99.00,11.30,A701
2024-10-25T00:00:00,22.37,5.40,3597.50,89.00,14.60,A701
2024-10-26T00:00:00,24.21,0.00,2362.40,75.00,10.80,A701
2024-10-27T00:00:00,17.51,0.80,649.80,90.00,7.60,A701
2024-10-28T00:00:00,18.13,1.00,2005.30,89.00,7.90,A701
2024-10-29T00:00:00,20.00,0.00,1664.70,85.00,6.80,A701
2024-10-30T00:00:00,20.98,0.00,2857.50,85.00,9.20,A701
2024-10-31T00:00:00,20.30,0.00,3756.90,79.00,8.80,A701
2024-11-01T00:00:00,21.72,0.00,3683.70,78.00,9.20,A701
2024-11-02T00:00:00,21.73,3.80,2718.40,90.00,7.80,A701
2024-11-03T00:00:00,20.17,2.20,1007.70,92.00,7.70,A701
2024-11-04T00:00:00,19.95,2.00,1347.20,98.00,5.60,A701
2024-11-05T00:00:00,22.56,0.20,3257.10,91.00,7.70,A701
2024-11-06T00:00:00,22.90,13.20,3410.20,92.00,8.80,A701
2024-11-07T00:00:00,21.59,1.80,988.20,93.00,12.50,A701
2024-11-08T00:00:00,20.27,18.40,1192.10,96.00,9.20,A701
2024-11-09T00:00:00,18.43,0.20,986.60,91.00,7.70,A701
2024-11-10T00:00:00,18.80,0.00,3232.70,90.00,7.50,A701
2024-11-11T00:00:00,22.26,0.00,3947.50,83.00,10.50,A701
2024-11-12T00:00:00,22.95,0.00,3674.50,81.00,11.70,A701
2024-11-13T00:00:00,17.03,1.80,841.00,91.00,7.50,A701
2024-11-14T00:00:00,17.17,0.00,1525.50,87.00,7.90,A701
2024-11-15T00:00:00,19.55,0.20,3408.50,90.00,7.70,A701
2024-11-16T00:00:00,21.40,0.00,2119.70,88.00,7.10,A701
2024-11-17T00:00:00,22.14,0.00,3117.40,85.00,7.90,A701
2024-11-18T00:00:00,23.62,0.00,3277.20,87.00,7.90,A701
2024-11-19T00:00:00,23.09,0.00,3788.60,78.00,11.20,A701
2024-11-20T00:00:00,23.31,0.00,3577.20,82.00,8.80,A701
2024-11-21T00:00:00,21.63,0.00,1886.40,84.00,9.50,A701
2024-11-22T00:00:00,20.26,0.40,940.70,87.00,8.70,A701
2024-11-23T00:00:00,20.47,0.00,3220.80,83.00,10.00,A701
2024-11-24T00:00:00,18.71,0.00,2268.80,81.00,10.00,A701
2024-11-25T00:00:00,21.23,0.00,3691.90,80.00,12.40,A701
2024-11-26T00:00:00,24.53,0.00,3883.10,79.00,9.80,A701
2024-11-27T00:00:00,27.51,0.00,3636.30,68.00,10.40,A701
2024-11-28T00:00:00,27.16,2.40,3570.10,88.00,13.60,A701
2024-11-29T00:00:00,23.34,5.20,2274.00,90.00,9.40,A701
2024-11-30T00:00:00,24.57,0.00,2276.50,84.00,8.60,A701
2024-12-01T00:00:00,24.13,0.00,3730.20,85.00,9.30,A701
2024-12-02T00:00:00,24.64,4.80,2405.40,84.00,16.10,A701
2024-12-03T00:00:00,21.85,9.00,1078.00,91.00,8.30,A701
2024-12-04T00:00:00,19.08,0.00,875.20,86.00,9.00,A701
2024-12-05T00:00:00,20.57,16.20,2925.50,98.00,8.20,A701
2024-12-06T00:00:00,25.50,0.60,3753.20,99.00,12.60,A701
2024-12-07T00:00:00,27.16,0.00,3744.10,81.00,11.90,A701
2024-12-08T00:00:00,23.50,0.00,1391.10,80.00,7.00,A701
2024-12-09T00:00:00,23.55,0.00,1738.60,86.00,9.10,A701
2024-12-10T00:00:00,22.25,1.20,2650.70,91.00,13.70,A701
2024-12-11T00:00:00,20.22,0.00,3089.50,86.00,10.70,A701
2024-12-12T00:00:00,20.90,0.00,3331.60,82.00,8.50,A701
2024-12-13T00:00:00,21.69,0.00,2397.70,81.00,8.30,A701
2024-12-14T00:00:00,22.09,0.60,1791.90,84.00,12.40,A701
2024-12-15T00:00:00,23.57,0.60,3811.00,85.00,13.20,A701
2024-12-16T00:00:00,24.63,0.00,3490.60,78.00,19.40,A701
2024-12-17T00:00:00,22.30,0.00,3397.60,75.00,9.70,A701
2024-12-18T00:00:00,21.62,0.00,3662.10,78.00,9.10,A701
2024-12-19T00:00:00,23.75,0.00,3564.40,81.00,8.10,A701
2024-12-20T00:00:00,23.87,12.20,3312.70,93.00,20.50,A701
2024-12-21T00:00:00,22.36,10.40,2786.50,92.00,8.00,A701
2024-12-22T00:00:00,23.24,0.20,2689.10,92.00,7.90,A701
2024-12-23T00:00:00,21.67,2.40,1895.70,90.00,8.00,A701
2024-12-24T00:00:00,21.75,0.20,2256.40,88.00,10.30,A701
2024-12-25T00:00:00,23.78,2.80,3737.90,89.00,8.80,A701
2024-12-26T00:00:00,21.40,7.20,1526.70,93.00,8.10,A701
2024-12-27T00:00:00,21.38,12.80,1130.20,100.00,6.20,A701
2024-12-28T00:00:00,23.48,0.80,2905.30,91.00,13.70,A701
2024-12-29T00:00:00,22.74,0.20,3552.10,89.00,11.60,A701
2024-12-30T00:00:00,22.07,1.60,2985.20,90.00,8.50,A701
2024-12-31T00:00:00,22.52,0.20,3658.40,81.00,9.40,A701
2024-01-01T00:00:00,19.98,0.00,2458.50,91.00,N/A,A771
2024-01-02T00:00:00,21.22,0.00,3827.60,92.00,N/A,A771
2024-01-03T00:00:00,22.43,0.20,3325.90,95.00,N/A,A771
2024-01-04T00:00:00,20.53,2.00,1858.10,96.00,N/A,A771
2024-01-05T00:00:00,20.90,3.00,3912.60,96.00,N/A,A771
2024-01-06T00:00:00,21.10,0.40,3903.20,96.00,N/A,A771
2024-01-07T00:00:00,22.79,0.00,3586.90,91.00,N/A,A771
2024-01-08T00:00:00,25.02,1.00,3902.70,95.00,N/A,A771
2024-01-09T00:00:00,25.15,0.40,3746.40,95.00,N/A,A771
2024-01-10T00:00:00,26.02,4.60,3401.30,95.00,N/A,A771
2024-01-11T00:00:00,24.90,13.20,3307.80,96.00,N/A,A771
2024-01-12T00:00:00,23.13,18.40,3201.00,96.00,N/A,A771
2024-01-13T00:00:00,20.10,23.40,1685.50,97.00,4.40,A771
2024-01-14T00:00:00,21.61,0.20,3651.50,96.00,N/A,A771
2024-01-15T00:00:00,25.49,0.00,3614.80,97.00,N/A,A771
2024-01-16T00:00:00,27.67,0.00,3346.50,90.00,N/A,A771
2024-01-17T00:00:00,26.38,7.20,3452.70,96.00,N/A,A771
2024-01-18T00:00:00,24.86,0.20,3632.90,97.00,N/A,A771
2024-01-19T00:00:00,24.50,22.60,3303.30,96.00,N/A,A771
2024-01-20T00:00:00,23.79,8.20,2517.90,95.00,N/A,A771
2024-01-21T00:00:00,21.62,2.20,1781.10,96.00,N/A,A771
2024-01-22T00:00:00,20.07,1.80,3507.30,96.00,N/A,A771
2024-01-23T00:00:00,18.09,7.00,1140.70,96.00,N/A,A771
2024-01-24T00:00:00,18.20,0.60,3179.40,96.00,N/A,A771
2024-01-25T00:00:00,17.48,0.40,2342.70,96.00,N/A,A771
2024-01-26T00:00:00,17.56,1.20,2713.50,96.00,N/A,A771
2024-01-27T00:00:00,19.50,7.80,3076.60,96.00,N/A,A771
2024-01-28T00:00:00,19.91,3.80,1970.10,97.00,N/A,A771
2024-01-29T00:00:00,22.85,0.00,3728.00,95.00,N/A,A771
2024-01-30T00:00:00,23.82,0.20,3586.70,97.00,N/A,A771
2024-01-31T00:00:00,22.13,32.00,2656.40,96.00,N/A,A771
2024-02-01T00:00:00,21.03,0.40,3405.50,96.00,N/A,A771
2024-02-02T00:00:00,20.06,20.00,1404.00,96.00,N/A,A771
2024-02-03T00:00:00,21.68,0.20,3007.40,96.00,N/A,A771
2024-02-04T00:00:00,22.18,32.60,3113.10,97.00,5.50,A771
2024-02-05T00:00:00,22.36,0.20,3651.90,96.00,7.70,A771
2024-02-06T00:00:00,22.67,0.00,3428.30,95.00,N/A,A771
2024-02-07T00:00:00,22.83,0.20,3474.50,97.00,7.80,A771
2024-02-08T00:00:00,23.26,0.20,3402.30,96.00,N/A,A771
2024-02-09T00:00:00,23.52,0.00,3638.10,95.00,N/A,A771
2024-02-10T00:00:00,23.97,0.20,3687.10,96.00,N/A,A771
2024-02-11T00:00:00,24.30,0.00,3791.70,96.00,N/A,A771
2024-02-12T00:00:00,26.30,0.00,3204.70,93.00,N/A,A771
2024-02-13T00:00:00,27.52,0.00,3493.90,81.00,N/A,A771
2024-02-14T00:00:00,21.92,30.00,1020.10,96.00,4.20,A771
2024-02-15T00:00:00,20.04,4.40,1901.30,97.00,N/A,A771
2024-02-16T00:00:00,20.00,0.40,2593.30,96.00,N/A,A771
2024-02-17T00:00:00,21.13,0.00,2582.30,95.00,N/A,A771
2024-02-18T00:00:00,21.74,1.20,3440.40,95.00,N/A,A771
2024-02-19T00:00:00,21.75,14.20,3275.90,97.00,7.20,A771
2024-02-20T00:00:00,20.89,30.60,1637.60,97.00,N/A,A771
2024-02-21T00:00:00,20.75,6.60,3155.50,97.00,N/A,A771
2024-02-22T00:00:00,22.74,1.00,3454.50,96.00,N/A,A771
2024-02-23T00:00:00,24.51,9.80,3373.80,95.00,N/A,A771
2024-02-24T00:00:00,23.16,47.00,3417.30,97.00,10.30,A771
2024-02-25T00:00:00,23.06,0.00,3399.70,97.00,N/A,A771
2024-02-26T00:00:00,22.60,0.00,2212.50,94.00,N/A,A771
2024-02-27T00:00:00,25.90,0.00,3149.80,96.00,N/A,A771
2024-02-28T00:00:00,25.56,0.20,3229.20,93.00,N/A,A771
2024-02-29T00:00:00,24.51,0.80,3378.80,96.00,N/A,A771
2024-03-01T00:00:00,23.36,2.40,3113.90,96.00,N/A,A771
2024-03-02T00:00:00,21.81,0.20,3602.00,93.00,N/A,A771
2024-03-03T00:00:00,22.96,0.00,3511.50,91.00,N/A,A771
2024-03-04T00:00:00,23.32,0.00,3106.50,96.00,N/A,A771
2024-03-05T00:00:00,23.71,1.20,2952.60,96.00,N/A,A771
2024-03-06T00:00:00,22.12,2.80,3079.10,97.00,N/A,A771
2024-03-07T00:00:00,21.60,0.60,3087.70,96.00,N/A,A771
2024-03-08T00:00:00,22.85,5.40,2848.80,97.00,N/A,A771
2024-03-09T00:00:00,24.66,4.20,3153.90,97.00,N/A,A771
2024-03-10T00:00:00,24.29,0.40,2400.20,96.00,N/A,A771
2024-03-11T00:00:00,21.94,0.80,3581.70,95.00,N/A,A771
2024-03-12T00:00:00,20.32,0.00,3477.40,95.00,N/A,A771
2024-03-13T00:00:00,22.02,0.00,3329.00,97.00,N/A,A771
2024-03-14T00:00:00,24.03,0.00,3275.80,97.00,N/A,A771
2024-03-15T00:00:00,27.10,0.00,3091.60,94.00,N/A,A771
2024-03-16T00:00:00,28.14,0.00,3106.70,89.00,N/A,A771
2024-03-17T00:00:00,27.79,0.00,2934.70,90.00,N/A,A771
2024-03-18T00:00:00,24.28,7.40,2105.20,96.00,N/A,A771
2024-03-19T00:00:00,24.96,0.00,3224.80,97.00,N/A,A771
2024-03-20T00:00:00,25.35,0.20,2839.10,93.00,N/A,A771
2024-03-21T00:00:00,27.05,0.20,2982.50,93.00,N/A,A771
2024-03-22T00:00:00,20.14,2.60,841.00,96.00,N/A,A771
2024-03-23T00:00:00,17.61,6.40,690.60,95.00,N/A,A771
2024-03-24T00:00:00,18.65,0.00,1260.70,94.00,N/A,A771
2024-03-25T00:00:00,20.81,0.00,3030.60,96.00,N/A,A771
2024-03-26T00:00:00,20.00,0.00,2739.00,94.00,N/A,A771
2024-03-27T00:00:00,19.23,0.00,817.10,91.00,N/A,A771
2024-03-28T00:00:00,19.39,0.00,1012.20,96.00,N/A,A771
2024-03-29T00:00:00,21.80,0.00,1847.70,96.00,N/A,A771
2024-03-30T00:00:00,21.40,0.00,2924.10,96.00,N/A,A771
2024-03-31T00:00:00,21.71,0.00,3154.40,97.00,N/A,A771
2024-04-01T00:00:00,21.11,0.00,3083.60,97.00,N/A,A771
2024-04-02T00:00:00,22.38,0.00,2405.30,92.00,N/A,A771
2024-04-03T00:00:00,21.95,0.00,3047.20,96.00,N/A,A771
2024-04-04T00:00:00,22.30,0.00,3027.50,96.00,8.30,A771
2024-04-05T00:00:00,22.89,0.20,3039.80,94.00,8.50,A771
2024-04-06T00:00:00,20.65,2.40,2352.40,95.00,7.80,A771
2024-04-07T00:00:00,20.20,1.00,2698.30,96.00,9.30,A771
2024-04-08T00:00:00,21.79,0.00,1816.20,94.00,6.20,A771
2024-04-09T00:00:00,21.62,0.60,2516.90,97.00,8.70,A771
2024-04-10T00:00:00,21.98,0.00,2411.60,95.00,8.00,A771
2024-04-11T00:00:00,20.68,0.40,2576.10,97.00,8.70,A771
2024-04-12T00:00:00,21.36,0.20,2635.60,94.00,9.00,A771
2024-04-13T00:00:00,21.99,0.00,2852.20,94.00,8.70,A771
2024-04-14T00:00:00,22.11,0.00,2037.40,94.00,6.60,A771
2024-04-15T00:00:00,22.03,42.60,2448.40,96.00,8.00,A771
2024-04-16T00:00:00,23.72,0.20,2790.00,96.00,6.40,A771
2024-04-17T00:00:00,23.62,8.60,2413.90,97.00,8.50,A771
2024-04-18T00:00:00,17.75,0.40,950.80,95.00,9.90,A771
2024-04-19T00:00:00,16.90,0.00,2971.90,93.00,8.80,A771
2024-04-20T00:00:00,18.28,0.00,2873.20,93.00,8.20,A771
2024-04-21T00:00:00,19.68,0.00,2869.30,96.00,7.20,A771
2024-04-22T00:00:00,21.55,0.20,2818.10,97.00,7.60,A771
2024-04-23T00:00:00,23.22,0.00,2735.60,90.00,7.70,A771
2024-04-24T00:00:00,22.99,0.00,2696.70,91.00,6.80,A771
2024-04-25T00:00:00,20.55,0.40,1740.70,96.00,7.40,A771
2024-04-26T00:00:00,20.71,0.20,2245.80,97.00,7.40,A771
2024-04-27T00:00:00,23.74,0.00,2627.90,97.00,7.80,A771
2024-04-28T00:00:00,24.68,0.00,2613.90,96.00,8.40,A771
2024-04-29T00:00:00,23.29,0.00,2553.10,96.00,6.50,A771
2024-04-30T00:00:00,25.48,0.00,2624.70,94.00,6.70,A771
2024-05-01T00:00:00,24.87,0.00,2679.90,91.00,9.00,A771
2024-05-02T00:00:00,25.38,0.00,2556.80,89.00,13.00,A771
2024-05-03T00:00:00,22.60,0.00,2365.00,94.00,7.60,A771
2024-05-04T00:00:00,24.12,0.20,2550.40,96.00,7.80,A771
2024-05-05T00:00:00,24.62,0.00,2584.80,92.00,7.50,A771
2024-05-06T00:00:00,23.30,0.00,2531.70,93.00,6.20,A771
2024-05-07T00:00:00,23.70,0.00,2497.60,87.00,5.50,A771
2024-05-08T00:00:00,24.45,0.00,2481.90,87.00,10.70,A771
2024-05-09T00:00:00,23.15,0.00,2150.30,90.00,8.80,A771
2024-05-10T00:00:00,21.80,0.80,2297.80,96.00,6.50,A771
2024-05-11T00:00:00,23.25,0.20,2454.60,97.00,9.70,A771
2024-05-12T00:00:00,23.55,0.00,2452.70,88.00,12.10,A771
2024-05-13T00:00:00,24.05,0.00,2409.50,71.00,13.60,A771
2024-05-14T00:00:00,18.97,1.00,897.10,94.00,6.00,A771
2024-05-15T00:00:00,16.41,0.00,653.10,94.00,6.70,A771
2024-05-16T00:00:00,20.83,0.00,2293.80,92.00,10.00,A771
2024-05-17T00:00:00,24.22,0.00,2335.00,91.00,9.50,A771
2024-05-18T00:00:00,21.40,0.00,2178.80,97.00,8.90,A771
2024-05-19T00:00:00,19.66,0.00,2274.80,93.00,6.70,A771
2024-05-20T00:00:00,19.39,5.00,1669.70,97.00,7.40,A771
2024-05-21T00:00:00,16.98,0.20,1959.90,98.00,7.40,A771
2024-05-22T00:00:00,20.56,0.20,2246.20,98.00,5.70,A771
2024-05-23T00:00:00,21.62,0.20,2350.00,96.00,9.40,A771
2024-05-24T00:00:00,19.48,3.00,1681.60,94.00,9.10,A771
2024-05-25T00:00:00,15.75,0.40,835.60,96.00,10.30,A771
2024-05-26T00:00:00,14.43,6.60,784.10,96.00,7.50,A771
2024-05-27T00:00:00,16.50,2.80,775.50,96.00,6.00,A771
2024-05-28T00:00:00,18.39,0.20,1952.20,97.00,13.20,A771
2024-05-29T00:00:00,13.38,0.20,2354.90,94.00,9.80,A771
2024-05-30T00:00:00,13.22,0.00,2043.10,95.00,7.80,A771
2024-05-31T00:00:00,14.75,0.00,1816.20,94.00,8.40,A771
2024-06-01T00:00:00,16.88,0.00,2306.60,93.00,7.60,A771
2024-06-02T00:00:00,17.75,0.20,2341.40,97.00,5.90,A771
2024-06-03T00:00:00,19.28,0.00,2112.30,96.00,7.10,A771
2024-06-04T00:00:00,16.33,0.20,1176.00,95.00,8.70,A771
2024-06-05T00:00:00,16.51,0.40,1957.20,97.00,5.80,A771
2024-06-06T00:00:00,17.75,0.20,2244.50,98.00,4.30,A771
2024-06-07T00:00:00,18.93,0.20,2248.90,97.00,4.50,A771
2024-06-08T00:00:00,18.61,0.20,2247.00,96.00,6.00,A771
2024-06-09T00:00:00,19.74,0.20,2291.00,97.00,8.70,A771
2024-06-10T00:00:00,21.20,0.00,2250.20,80.00,7.50,A771
2024-06-11T00:00:00,19.14,0.20,2161.10,95.00,6.90,A771
2024-06-12T00:00:00,19.06,0.20,2235.20,97.00,7.00,A771
2024-06-13T00:00:00,19.40,0.20,2252.70,96.00,9.90,A771
2024-06-14T00:00:00,20.23,0.00,2176.00,72.00,10.70,A771
2024-06-15T00:00:00,20.88,0.00,2174.10,87.00,10.10,A771
2024-06-16T00:00:00,20.73,0.00,2144.90,88.00,6.20,A771
2024-06-17T00:00:00,20.69,0.00,2197.20,84.00,9.90,A771
2024-06-18T00:00:00,20.18,0.00,2224.20,74.00,9.90,A771
2024-06-19T00:00:00,19.68,0.00,2246.70,82.00,10.50,A771
2024-06-20T00:00:00,18.98,0.00,2167.80,86.00,6.90,A771
2024-06-21T00:00:00,17.70,0.20,2187.00,92.00,6.00,A771
2024-06-22T00:00:00,19.28,0.20,2226.90,91.00,11.30,A771
2024-06-23T00:00:00,20.87,0.00,2142.40,82.00,9.60,A771
2024-06-24T00:00:00,21.76,0.00,2106.50,82.00,9.80,A771
2024-06-25T00:00:00,17.55,0.00,780.70,89.00,7.10,A771
2024-06-26T00:00:00,20.42,0.00,2059.50,94.00,12.30,A771
2024-06-27T00:00:00,18.79,0.00,2015.00,89.00,8.00,A771
2024-06-28T00:00:00,19.08,0.20,1984.20,92.00,10.60,A771
2024-06-29T00:00:00,17.37,0.00,1706.10,88.00,7.50,A771
2024-06-30T00:00:00,12.83,0.40,284.60,90.00,7.20,A771
2024-07-01T00:00:00,13.52,0.00,1270.60,91.00,6.20,A771
2024-07-02T00:00:00,15.65,0.00,2259.60,91.00,5.20,A771
2024-07-03T00:00:00,18.64,0.20,2140.40,90.00,6.90,A771
2024-07-04T00:00:00,19.76,0.00,1230.90,79.00,3.40,A771
2024-07-05T00:00:00,20.22,0.00,2154.50,84.00,6.30,A771
2024-07-06T00:00:00,16.05,0.00,1027.80,87.00,6.90,A771
2024-07-07T00:00:00,17.60,0.00,2105.20,90.00,9.40,A771
2024-07-08T00:00:00,13.73,0.60,1030.60,91.00,7.00,A771
2024-07-09T00:00:00,12.42,3.80,307.40,94.00,5.00,A771
2024-07-10T00:00:00,17.29,7.60,1739.00,96.00,8.60,A771
2024-07-11T00:00:00,17.11,0.00,1486.00,94.00,6.00,A771
2024-07-12T00:00:00,15.88,0.20,1600.30,95.00,7.10,A771
2024-07-13T00:00:00,13.22,0.00,558.30,94.00,8.00,A771
2024-07-14T00:00:00,16.44,0.00,1971.60,96.00,10.30,A771
2024-07-15T00:00:00,14.88,0.00,1495.40,95.00,6.50,A771
2024-07-16T00:00:00,15.45,0.00,2095.40,93.00,7.00,A771
2024-07-17T00:00:00,17.33,0.00,2163.80,92.00,4.60,A771
2024-07-18T00:00:00,16.58,0.20,1968.30,93.00,7.70,A771
2024-07-19T00:00:00,14.69,0.00,2355.60,88.00,4.80,A771
2024-07-20T00:00:00,14.46,0.20,2337.10,96.00,7.50,A771
2024-07-21T00:00:00,15.84,0.00,2331.30,89.00,6.50,A771
2024-07-22T00:00:00,17.71,0.20,2348.70,91.00,8.30,A771
2024-07-23T00:00:00,16.05,0.20,2383.60,92.00,6.60,A771
2024-07-24T00:00:00,17.03,0.00,2347.80,83.00,7.60,A771
2024-07-25T00:00:00,18.03,0.20,2303.00,84.00,7.70,A771
2024-07-26T00:00:00,18.50,0.00,2065.70,83.00,7.10,A771
2024-07-27T00:00:00,18.72,0.00,2123.60,76.00,5.70,A771
2024-07-28T00:00:00,19.97,0.00,2245.10,76.00,8.20,A771
2024-07-29T00:00:00,17.24,0.00,2153.10,77.00,9.10,A771
2024-07-30T00:00:00,13.71,1.60,659.00,89.00,7.60,A771
2024-07-31T00:00:00,15.87,0.00,2368.50,93.00,8.20,A771
2024-08-01T00:00:00,16.90,0.00,2441.10,89.00,7.40,A771
2024-08-02T00:00:00,17.86,0.00,2455.90,89.00,5.30,A771
2024-08-03T00:00:00,20.68,0.00,2465.90,81.00,6.90,A771
2024-08-04T00:00:00,22.00,0.00,2460.80,74.00,9.90,A771
2024-08-05T00:00:00,22.48,0.00,2412.20,74.00,6.20,A771
2024-08-06T00:00:00,21.92,0.00,2470.80,77.00,5.60,A771
2024-08-07T00:00:00,22.64,0.00,2562.00,70.00,11.10,A771
2024-08-08T00:00:00,22.64,0.00,2328.60,65.00,10.90,A771
2024-08-09T00:00:00,17.22,2.60,262.70,85.00,8.10,A771
2024-08-10T00:00:00,10.58,7.20,1066.30,89.00,9.10,A771
2024-08-11T00:00:00,12.34,0.20,2755.80,91.00,6.90,A771
2024-08-12T00:00:00,13.65,0.00,2778.70,73.00,6.90,A771
2024-08-13T00:00:00,9.69,0.00,1344.70,84.00,8.60,A771
2024-08-14T00:00:00,12.63,0.00,2483.70,83.00,9.00,A771
2024-08-15T00:00:00,17.70,0.20,2625.40,92.00,7.10,A771
2024-08-16T00:00:00,20.38,0.00,2549.50,86.00,5.40,A771
2024-08-17T00:00:00,21.80,0.00,2505.60,77.00,4.40,A771
2024-08-18T00:00:00,22.03,0.00,2592.60,74.00,4.90,A771
2024-08-19T00:00:00,22.86,0.00,2606.90,70.00,6.60,A771
2024-08-20T00:00:00,20.76,0.00,2661.10,76.00,8.40,A771
2024-08-21T00:00:00,18.60,0.00,2612.30,77.00,6.60,A771
2024-08-22T00:00:00,22.42,0.00,2659.70,76.00,9.60,A771
2024-08-23T00:00:00,23.22,0.00,2625.20,73.00,13.70,A771
2024-08-24T00:00:00,15.48,5.60,621.90,80.00,10.60,A771
2024-08-25T00:00:00,11.06,2.20,585.90,88.00,8.70,A771
2024-08-26T00:00:00,10.19,0.00,3136.90,85.00,7.10,A771
2024-08-27T00:00:00,10.00,0.20,3039.80,85.00,10.10,A771
2024-08-28T00:00:00,12.66,0.00,2866.40,83.00,8.00,A771
2024-08-29T00:00:00,16.42,0.00,2707.50,89.00,6.40,A771
2024-08-30T00:00:00,19.95,0.20,2887.10,81.00,5.10,A771
2024-08-31T00:00:00,17.88,0.00,2801.00,82.00,7.10,A771
2024-09-01T00:00:00,21.12,0.20,2770.20,76.00,9.30,A771
2024-09-02T00:00:00,18.01,0.00,2189.20,79.00,7.60,A771
2024-09-03T00:00:00,20.60,0.00,2320.30,84.00,7.20,A771
2024-09-04T00:00:00,23.48,0.00,2712.70,73.00,6.90,A771
2024-09-05T00:00:00,20.82,0.00,2435.60,74.00,9.40,A771
2024-09-06T00:00:00,15.52,0.00,1350.40,80.00,9.20,A771
2024-09-07T00:00:00,21.98,0.00,2273.40,86.00,6.20,A771
2024-09-08T00:00:00,25.26,0.00,2236.50,74.00,4.00,A771
2024-09-09T00:00:00,24.13,0.00,2353.20,73.00,7.80,A771
2024-09-10T00:00:00,23.36,0.00,2536.10,71.00,9.90,A771
2024-09-11T00:00:00,25.10,0.00,2831.50,67.00,6.80,A771
2024-09-12T00:00:00,25.38,0.00,2697.10,66.00,9.70,A771
2024-09-13T00:00:00,24.41,0.00,2304.80,65.00,5.90,A771
2024-09-14T00:00:00,22.81,0.00,2475.10,67.00,7.20,A771
2024-09-15T00:00:00,17.65,0.20,1385.30,75.00,10.00,A771
2024-09-16T00:00:00,15.21,6.60,346.20,80.00,8.20,A771
2024-09-17T00:00:00,14.41,0.40,1012.30,84.00,10.40,A771
2024-09-18T00:00:00,15.92,0.00,1526.80,85.00,11.10,A771
2024-09-19T00:00:00,17.64,3.60,1755.40,85.00,7.40,A771
2024-09-20T00:00:00,22.24,0.00,2715.10,85.00,11.20,A771
2024-09-21T00:00:00,21.13,0.60,1858.40,78.00,7.50,A771
2024-09-22T00:00:00,21.95,0.00,2852.60,75.00,7.80,A771
2024-09-23T00:00:00,22.91,0.20,2875.00,80.00,9.10,A771
2024-09-24T00:00:00,20.89,0.00,2811.20,78.00,8.80,A771
2024-09-25T00:00:00,24.55,0.00,2876.50,76.00,7.10,A771
2024-09-26T00:00:00,27.14,0.00,2770.90,69.00,7.00,A771
2024-09-27T00:00:00,19.62,0.60,1798.50,77.00,10.50,A771
2024-09-28T00:00:00,15.79,0.20,2024.20,74.00,10.60,A771
2024-09-29T00:00:00,17.92,0.00,3001.60,79.00,9.70,A771
2024-09-30T00:00:00,20.57,0.00,2923.60,77.00,9.70,A771
2024-10-01T00:00:00,25.42,0.00,2783.60,77.00,9.00,A771
2024-10-02T00:00:00,25.42,0.00,2697.90,74.00,12.70,A771
2024-10-03T00:00:00,18.26,1.20,1502.00,77.00,11.40,A771
2024-10-04T00:00:00,15.20,0.20,731.30,80.00,8.60,A771
2024-10-05T00:00:00,16.03,0.20,1855.40,86.00,8.80,A771
2024-10-06T00:00:00,17.59,0.00,3001.80,87.00,9.30,A771
2024-10-07T00:00:00,17.62,0.00,2930.50,76.00,9.70,A771
2024-10-08T00:00:00,19.45,0.00,2665.90,75.00,9.40,A771
2024-10-09T00:00:00,16.93,0.20,1087.40,78.00,9.10,A771
2024-10-10T00:00:00,18.61,1.40,2585.90,83.00,7.30,A771
2024-10-11T00:00:00,21.72,9.60,1873.90,85.00,29.90,A771
2024-10-12T00:00:00,20.77,2.00,2809.80,83.00,11.60,A771
2024-10-13T00:00:00,17.30,0.20,2860.70,76.00,10.20,A771
2024-10-14T00:00:00,16.85,0.20,1693.00,80.00,9.90,A771
2024-10-15T00:00:00,18.45,0.00,3053.60,83.00,8.80,A771
2024-10-16T00:00:00,20.18,0.00,2874.70,91.00,7.10,A771
2024-10-17T00:00:00,19.71,0.00,3107.10,91.00,9.00,A771
2024-10-18T00:00:00,18.46,0.00,2708.20,82.00,9.00,A771
2024-10-19T00:00:00,16.42,12.20,392.40,82.00,8.20,A771
2024-10-20T00:00:00,15.89,1.60,704.10,89.00,7.90,A771
2024-10-21T00:00:00,19.03,0.00,1793.10,89.00,8.90,A771
2024-10-22T00:00:00,22.82,0.00,3046.80,85.00,7.30,A771
2024-10-23T00:00:00,23.30,4.00,2293.10,83.00,7.00,A771
2024-10-24T00:00:00,23.46,5.20,2352.50,82.00,10.50,A771
2024-10-25T00:00:00,22.65,7.80,2894.70,80.00,13.50,A771
2024-10-26T00:00:00,23.30,0.00,2675.70,78.00,9.40,A771
2024-10-27T00:00:00,16.43,0.20,826.90,74.00,10.10,A771
2024-10-28T00:00:00,16.99,0.40,1206.60,78.00,8.70,A771
2024-10-29T00:00:00,18.75,0.00,1277.80,81.00,6.60,A771
2024-10-30T00:00:00,19.42,0.20,3787.90,81.00,10.90,A771
2024-10-31T00:00:00,18.76,0.00,3686.10,76.00,10.60,A771
2024-11-01T00:00:00,N/A,0.00,3563.40,N/A,10.20,A771
2024-11-02T00:00:00,N/A,14.20,2998.20,N/A,10.10,A771
2024-11-03T00:00:00,N/A,2.80,1513.40,N/A,6.10,A771
2024-11-04T00:00:00,N/A,1.20,1335.00,N/A,7.40,A771
2024-11-05T00:00:00,N/A,1.20,3575.10,N/A,6.70,A771
2024-11-06T00:00:00,N/A,10.80,2074.40,N/A,8.50,A771
2024-11-07T00:00:00,N/A,3.40,1403.10,N/A,11.50,A771
2024-11-08T00:00:00,N/A,10.20,1366.40,N/A,9.70,A771
2024-11-09T00:00:00,N/A,0.20,2013.20,N/A,7.70,A771
2024-11-10T00:00:00,N/A,0.20,3691.30,N/A,8.90,A771
2024-11-11T00:00:00,N/A,0.00,3876.10,N/A,9.00,A771
2024-11-12T00:00:00,N/A,0.00,3698.60,N/A,11.00,A771
2024-11-13T00:00:00,N/A,5.40,1015.80,N/A,8.70,A771
2024-11-14T00:00:00,N/A,0.00,940.10,N/A,7.90,A771
2024-11-15T00:00:00,N/A,0.00,3496.40,N/A,8.50,A771
2024-11-16T00:00:00,N/A,0.20,3284.10,N/A,8.00,A771
2024-11-17T00:00:00,N/A,0.00,3488.30,N/A,9.10,A771
2024-11-18T00:00:00,N/A,0.20,3793.00,N/A,7.30,A771
2024-11-19T00:00:00,N/A,0.20,3839.80,N/A,10.50,A771
2024-11-20T00:00:00,N/A,0.00,3788.50,N/A,8.70,A771
2024-11-21T00:00:00,N/A,0.40,2315.20,N/A,9.00,A771
2024-11-22T00:00:00,N/A,0.60,1200.30,N/A,9.50,A771
2024-11-23T00:00:00,N/A,0.40,2509.70,N/A,11.00,A771
2024-11-24T00:00:00,N/A,0.00,3553.10,N/A,11.40,A771
2024-11-25T00:00:00,N/A,0.00,3617.20,N/A,9.40,A771
2024-11-26T00:00:00,N/A,0.00,3648.80,N/A,9.20,A771
2024-11-27T00:00:00,N/A,0.00,3488.00,N/A,9.60,A771
2024-11-28T00:00:00,N/A,11.60,3719.20,N/A,12.00,A771
2024-11-29T00:00:00,N/A,3.00,2650.90,N/A,7.90,A771
2024-11-30T00:00:00,N/A,0.00,2286.40,N/A,8.70,A771
2024-12-01T00:00:00,N/A,0.00,3768.70,N/A,9.30,A771
2024-12-02T00:00:00,N/A,0.00,2602.30,N/A,11.30,A771
2024-12-03T00:00:00,N/A,7.40,1437.70,N/A,8.30,A771
2024-12-04T00:00:00,N/A,0.20,1210.90,N/A,11.80,A771
2024-12-05T00:00:00,N/A,0.20,2391.40,N/A,9.90,A771
2024-12-06T00:00:00,N/A,0.20,3233.80,N/A,11.10,A771
2024-12-07T00:00:00,N/A,0.00,3730.00,N/A,12.70,A771
2024-12-08T00:00:00,N/A,0.80,722.80,N/A,7.10,A771
2024-12-09T00:00:00,N/A,1.00,1348.30,N/A,4.90,A771
2024-12-10T00:00:00,N/A,8.40,2040.30,N/A,12.40,A771
2024-12-11T00:00:00,19.73,0.20,3231.50,88.00,10.30,A771
2024-12-12T00:00:00,19.34,0.00,3893.70,94.00,9.30,A771
2024-12-13T00:00:00,19.88,0.00,2802.30,92.00,8.20,A771
2024-12-14T00:00:00,21.88,0.80,1669.70,95.00,10.50,A771
2024-12-15T00:00:00,23.68,0.40,3563.50,95.00,11.30,A771
2024-12-16T00:00:00,24.62,0.00,3569.50,84.00,14.10,A771
2024-12-17T00:00:00,19.52,0.00,3833.70,97.00,9.30,A771
2024-12-18T00:00:00,19.80,0.20,3919.10,95.00,10.50,A771
2024-12-19T00:00:00,21.59,0.00,3755.10,95.00,8.70,A771
2024-12-20T00:00:00,23.66,23.00,3362.60,97.00,10.60,A771
2024-12-21T00:00:00,22.02,11.00,2427.40,97.00,7.20,A771
2024-12-22T00:00:00,22.42,0.40,2358.90,97.00,7.10,A771
2024-12-23T00:00:00,20.59,1.40,2304.90,96.00,10.20,A771
2024-12-24T00:00:00,19.75,0.20,3519.60,96.00,9.40,A771
2024-12-25T00:00:00,22.64,27.40,3613.80,97.00,7.80,A771
2024-12-26T00:00:00,21.54,3.80,1412.40,97.00,7.90,A771
2024-12-27T00:00:00,21.24,10.40,2553.50,98.00,7.40,A771
2024-12-28T00:00:00,22.48,2.20,3630.50,96.00,9.10,A771
2024-12-29T00:00:00,21.74,0.20,3972.60,97.00,10.10,A771
2024-12-30T00:00:00,21.02,0.40,3990.30,94.00,9.10,A771
2024-12-31T00:00:00,21.35,1.20,3609.30,96.00,9.50,A771
